136,3804,2352,15700,-137,-25,-14,170,165,339,34.68042,
137,3820,2332,15752,-153,40,-24,163,174,337,34.58457,
138,3760,2300,15860,-69,-43,-144,159,177,346,34.68042,
139,3920,2216,15704,-99,78,-59,151,172,341,34.39288,
140,3820,2256,15640,-108,-6,-52,159,170,344,34.58457,
141,3816,2344,15872,-73,-89,-49,170,177,344,34.72834,
142,3936,2308,15692,-150,113,-39,166,179,342,34.68042,
143,3888,2280,15636,-85,36,-82,166,181,347,34.68042,
144,3768,2332,15720,-55,-92,-81,157,177,329,34.39288,
145,3752,2224,15844,-97,-118,-36,169,176,347,34.58457,
146,3804,2352,15944,-116,65,-59,170,180,349,34.72834,
147,3732,2192,15716,-94,71,-124,171,179,337,34.68042,
148,3784,2168,15792,-87,-36,-101,169,171,335,34.48872,
149,3720,2224,15944,-84,-234,-88,153,171,342,34.39288,
150,3808,2328,15780,-135,-51,-11,159,177,339,34.72834,
151,3824,2408,15580,-114,-43,14,159,172,339,34.68042,
152,3764,2380,15908,-132,-14,-41,163,176,345,34.68042,
153,3796,2276,15764,-217,169,-71,163,183,335,34.48872,
154,3712,2208,15584,-113,207,-16,163,171,332,34.53665,
155,3844,2280,15512,-106,197,-43,170,175,349,34.39288,
156,3808,2264,15712,-188,130,-49,159,170,341,34.68042,
157,3696,2244,15820,-169,-7,-34,163,174,345,34.68042,
158,3672,2184,15932,-135,-53,-23,167,172,346,34.58457,
159,3752,2148,15732,-74,15,-95,159,163,329,34.58457,
160,3744,2152,15740,-27,-52,-98,166,171,332,34.53665,
161,3832,2272,15844,-28,-11,-87,155,171,352,34.8721,
162,3804,2352,15756,-6,-14,-68,158,166,350,34.77626,
163,3716,2092,15812,59,-152,-246,159,172,344,34.68042,
164,3824,2332,15632,39,23,-113,161,174,340,34.34496,
165,3920,2520,15576,131,13,19,169,179,345,34.68042,
166,3620,2456,15912,326,-559,-154,171,176,335,34.77626,
167,3864,2448,15640,80,142,-2,163,169,340,34.48872,
168,3932,2608,15468,-17,337,37,159,170,331,34.53665,
169,3988,2572,15856,187,390,809,163,174,342,34.24911,
170,3472,2684,15844,517,-648,1042,163,183,337,34.68042,
171,3828,2552,15636,476,-385,2242,154,170,331,34.58457,
172,4244,2724,15244,328,774,3544,157,182,326,34.72834,
173,4208,1824,16268,755,-1871,3156,154,180,336,34.68042,
174,5664,2692,16732,709,-4531,8094,142,181,332,34.48872,
175,4400,64,12920,1363,5314,4580,101,182,331,34.68042,
176,4608,480,17292,1353,-30,1765,113,171,315,34.72834,
177,5096,2024,15920,1761,1478,-2248,124,186,310,34.72834,
178,4044,4928,15132,567,2276,5369,109,175,316,34.48872,
179,3568,2148,16644,789,-683,4170,114,185,306,34.48872,
180,3948,2452,15476,296,-402,-950,112,190,319,34.58457,
181,4088,1128,14644,191,1159,-8949,101,185,316,34.53665,
182,4036,2576,15472,1816,1984,-4650,116,183,315,34.72834,
183,2460,1324,16536,1715,186,-11814,143,195,321,34.58457,
184,2164,3764,15420,-204,-1412,-12776,162,192,316,34.48872,
185,1936,4952,15228,710,928,-8384,180,195,319,34.58457,
186,-5036,18340,27916,971,-2336,-4826,207,197,321,34.53665,
187,1568,2608,15392,983,-3638,-11855,229,188,322,34.68042,
188,1464,4396,15856,2005,1258,-4138,220,190,334,34.68042,
189,2308,7048,15952,-3840,-4046,-8941,245,181,335,34.39288,
190,996,4728,16236,-858,-4436,-4263,252,160,358,34.72834,
191,1364,2916,15788,2300,-3180,-2221,248,147,367,34.68042,
192,3180,4328,14928,-1621,952,-4815,242,134,380,34.8721,
193,540,4380,17140,4462,3693,-3637,256,144,385,34.58457,
194,396,4508,15292,-1865,2426,-3852,261,147,375,34.53665,
195,40,5328,14608,-945,1515,-4460,279,142,377,34.68042,
196,-536,5076,14752,-133,1031,-2629,293,139,370,34.53665,
197,-408,5088,15072,-507,1061,-534,295,134,367,34.58457,
198,-1360,4728,15556,-256,-40,373,291,133,381,34.68042,
199,-724,5268,15104,99,-2368,-3033,294,138,371,34.39288,
200,-108,4912,15376,435,3040,-2334,293,115,382,34.68042,
201,-488,4448,17860,-5326,-2149,1720,303,122,372,34.58457,
202,-820,4408,16844,-251,-2925,1571,303,100,370,34.58457,
203,-928,4580,13736,-9566,1746,1550,295,95,367,34.58457,
204,292,56,15988,-1660,-1168,-1771,287,98,375,34.48872,
205,300,992,17640,1224,-3124,-3013,291,96,378,34.53665,
206,-1928,3180,19384,-821,-4047,938,286,74,371,34.72834,
207,676,716,14944,-1534,-1821,-26,283,79,376,34.72834,
208,1008,600,14888,-3361,1408,-1442,274,68,395,34.58457,
209,248,2540,16268,600,539,62,264,83,380,34.39288,
210,176,3692,14996,-1723,2084,1099,279,76,387,34.68042,
211,640,728,16220,471,152,-686,282,90,377,34.68042,
212,-52,2312,16400,-66,-32,634,281,77,388,34.72834,
213,264,1760,16300,861,381,-119,278,72,383,34.77626,
214,-252,2004,16440,337,-72,260,278,69,386,34.39288,
215,200,2236,15628,-834,808,210,273,79,388,34.68042,
216,32,1828,15912,127,157,29,285,68,380,34.68042,
217,8,1936,16344,445,-303,-184,283,74,383,34.68042,
218,-96,2136,16332,476,-274,366,278,82,383,34.72834,
219,72,1772,15896,-373,4,359,279,71,382,34.24911,
220,396,1428,15796,-195,2,171,290,76,390,34.68042,
221,508,1324,15860,-377,621,-416,281,69,378,34.68042,
222,212,1772,16228,-893,518,-138,287,73,390,34.68042,
223,-200,1684,16824,321,85,-282,282,78,395,34.53665,
224,-84,2348,16000,-588,323,-94,287,85,377,34.39288,
225,-88,1872,16076,-307,285,-147,285,85,377,34.72834,
226,-20,1964,15856,-1174,500,-787,285,85,377,34.72834,
227,-772,2980,17216,413,-1186,232,287,85,375,34.92003,
228,28,1704,16408,-93,-343,155,291,84,378,34.68042,
229,92,2252,16024,163,-50,181,289,74,373,34.20119,
230,-60,2172,16124,-215,-5,18,285,88,380,34.48872,
231,184,1872,16424,188,8,-236,286,72,383,34.68042,
232,-36,1836,16416,97,-240,83,281,79,388,34.72834,
233,4,2336,16220,14,-104,192,281,72,381,34.77626,
234,68,2192,16032,-278,-196,112,281,79,376,34.48872,
235,392,1680,16116,-133,-306,220,271,68,385,34.53665,
236,196,2388,16052,-276,121,209,283,77,378,34.72834,
237,160,1928,16048,151,35,1,275,79,383,34.72834,
238,192,2060,16072,-45,73,-119,281,79,381,34.68042,
239,80,2012,16120,-304,115,141,278,84,388,34.20119,
240,332,1504,16236,-59,-221,-514,277,83,387,34.72834,
241,84,2300,16132,-152,-215,11,274,78,387,34.72834,
242,352,1940,16120,106,0,-155,277,80,385,34.77626,
243,296,1704,16048,-146,80,-180,277,80,385,34.72834,
244,260,2036,16384,-300,-20,-50,274,80,380,34.39288,
245,400,1928,15776,-769,390,99,283,84,383,34.53665,
246,136,1564,16696,74,-730,-525,271,80,377,34.68042,
247,248,1808,16560,-43,-426,-489,277,80,382,34.72834,
248,468,1788,16108,-212,191,-116,271,83,382,34.58457,
249,228,2112,15856,-337,232,267,275,77,378,34.58457,
250,236,2104,16008,-83,41,-41,271,80,377,34.68042,
251,212,2300,15964,174,114,98,282,76,387,34.72834,
252,256,2060,15992,52,-225,-192,278,79,386,34.53665,
253,404,1840,16256,-242,-179,-101,270,79,378,34.68042,
254,276,1940,16264,487,27,25,268,77,381,34.39288,
255,284,2200,16160,-145,139,93,285,85,385,34.53665,
256,376,2156,16092,-351,169,-183,274,83,380,34.48872,
257,156,2168,16164,-465,-11,41,275,79,391,34.58457,
258,216,2052,16380,291,-101,-118,286,84,388,34.72834,
259,308,1812,16300,-174,-217,-443,287,85,387,34.53665,
260,276,1792,16376,27,-150,-185,285,88,382,34.72834,
261,196,2292,16072,222,-173,-261,274,76,392,34.68042,
262,228,1784,15944,-154,72,-350,283,89,391,34.58457,
263,312,2032,16284,-150,-49,-82,274,76,387,34.68042,
264,272,1832,16460,-155,-63,-181,278,87,383,34.39288,
265,236,1928,16232,-104,114,-69,278,87,376,34.72834,
266,300,2064,16036,-332,9,-109,279,85,390,34.72834,
267,340,2132,16180,403,-8,-101,277,83,380,34.58457,
268,152,2356,16292,-36,34,47,277,85,372,34.58457,
269,60,2068,16504,115,-52,11,275,79,386,34.39288,
270,84,2296,16480,-341,-51,202,281,87,388,34.92003,
271,252,2008,16336,263,-164,-310,271,88,380,34.68042,
272,272,2232,15896,-141,64,-135,289,82,381,34.68042,
273,288,2300,15876,-507,69,-56,282,85,387,34.72834,
274,340,2292,15740,-226,374,78,271,78,390,34.58457,
275,208,2188,15936,-123,47,-20,283,79,378,34.72834,
276,56,2200,16692,-13,-316,108,282,90,382,34.58457,
277,200,2088,16424,-234,-136,-66,283,82,381,34.68042,
278,228,2020,16132,-237,-178,-155,275,87,383,34.72834,
279,284,2224,16108,137,-53,-273,282,95,380,34.53665,
280,244,2008,16128,78,40,-193,283,82,381,34.58457,
281,260,2152,16324,-94,-85,-157,285,78,387,34.77626,
282,252,2004,16212,-166,-12,-125,283,84,383,34.8721,
283,244,2412,15820,-166,125,225,274,80,380,34.53665,
284,436,2360,15920,-64,133,110,269,80,390,34.58457,
285,388,2156,16020,134,-18,-143,278,89,388,34.72834,
286,228,2248,16188,122,-34,19,285,80,380,34.72834,
287,384,2192,15940,-283,339,59,270,79,378,34.77626,
288,356,2156,15840,-232,51,-31,269,78,387,34.53665,
289,320,2212,16028,-44,142,-44,279,85,380,34.34496,
290,192,2364,15788,-170,439,241,271,83,377,34.68042,
291,184,2116,15988,-185,-211,21,275,84,388,34.58457,
292,260,2148,16320,-45,-176,-103,273,87,381,34.48872,
293,388,2228,16004,-333,217,201,283,82,386,34.72834,
294,280,2240,16208,2,179,-15,270,84,386,34.48872,
295,308,2236,16020,-133,54,-43,271,76,380,34.48872,
296,240,2124,16120,-123,-55,-165,279,83,385,34.68042,
297,324,1996,16292,-504,210,210,278,87,383,34.77626,
298,340,2192,16432,-369,-219,-29,270,84,378,34.8721,
299,240,2212,16136,-52,-6,-41,289,87,383,34.48872,
300,272,2384,15936,-43,254,87,271,90,370,34.92003,
301,208,2400,16080,-51,-72,-16,278,94,378,34.58457,
302,244,2156,16172,-335,203,185,282,88,380,34.48872,
303,204,2284,16100,-103,27,-30,277,85,382,34.72834,
304,360,2240,15868,-334,-123,-116,281,89,383,34.39288,
305,204,1856,16240,46,-163,-177,270,82,393,34.68042,
306,324,1868,16276,-345,-62,-237,282,83,382,34.68042,
307,248,1944,16404,139,-103,-101,277,83,385,34.48872,
308,288,2260,16340,-157,78,-40,281,87,368,34.72834,
309,344,2024,16084,-151,38,-142,282,80,387,34.53665,
310,228,2040,16504,295,-397,-271,277,73,390,34.53665,
311,292,2108,16216,72,-131,-141,279,83,387,34.72834,
312,424,1836,16304,-91,-95,-187,281,82,386,34.72834,
313,240,2084,16164,-1055,590,569,275,82,376,34.53665,
314,264,2120,16348,146,-30,-107,269,80,387,34.39288,
315,452,1996,16116,-78,24,-229,271,83,382,34.72834,
316,168,2264,16236,-133,23,118,274,88,397,34.68042,
317,292,2200,16016,-109,119,-51,275,84,376,34.72834,
318,336,2104,16156,191,206,58,273,84,378,34.58457,
319,240,2312,16324,-50,-205,122,274,85,390,34.24911,
320,224,2056,16364,-100,-174,0,277,78,390,34.68042,
321,488,1616,16040,-496,160,-246,281,82,386,34.72834,
322,320,1856,16192,3,-116,-71,275,84,383,34.8721,
323,228,2492,16208,21,130,119,278,99,378,34.68042,
324,436,2000,15984,-116,3,-280,269,83,382,34.39288,
325,372,2188,16092,21,-124,-107,285,78,380,34.72834,
326,332,2072,16296,-75,-56,-44,273,84,383,34.68042,
327,320,1992,16292,-144,-136,-116,282,83,382,34.72834,
328,440,1904,16564,277,-136,-132,283,84,391,34.53665,
329,336,2212,16456,-41,12,59,281,84,393,34.53665,
330,296,2240,16036,-213,247,143,279,78,385,34.68042,
331,380,2112,15828,-23,50,-57,273,84,386,34.92003,
332,392,2020,16108,-126,-218,-172,281,82,383,34.48872,
333,440,2084,16240,-280,-53,-141,282,76,385,34.72834,
334,276,2184,16068,-151,70,76,275,82,386,34.48872,
335,424,2064,16040,-163,-28,-216,279,80,387,34.72834,
336,360,2112,16220,-211,-6,0,274,83,380,34.68042,
337,464,2088,16116,62,-94,-208,278,84,378,34.39288,
338,484,2028,16256,37,-177,-120,270,91,383,34.68042,
339,408,2012,16208,-141,-104,-15,275,89,388,34.39288,
340,272,2156,16356,114,-14,13,274,83,392,34.72834,
341,484,2096,16252,-278,-121,-129,273,91,383,34.68042,
342,480,2016,16140,-189,145,175,275,94,381,34.77626,
343,400,2248,16040,-293,38,-65,274,78,387,34.48872,
344,492,1836,16172,-57,-156,-316,279,78,382,34.48872,
345,312,2076,16424,-141,-97,-41,281,72,386,34.68042,
346,660,2068,16116,-109,-78,-176,277,80,387,34.58457,
347,560,2224,16276,-437,-350,37,273,77,388,34.72834,
348,600,1768,16788,-176,-622,-101,278,79,388,34.53665,
349,588,1564,16724,-686,-403,-126,275,84,391,34.20119,
350,816,1676,16184,-1667,-94,-368,271,83,387,34.72834,
351,608,1744,16296,-927,-135,362,268,69,396,34.72834,
352,748,1512,15924,-34,290,-31,270,74,381,34.58457,
353,720,1976,16012,-398,197,167,278,72,393,34.72834,
354,540,1828,15976,-708,8,339,266,73,395,34.39288,
355,744,1520,16200,-221,-69,160,271,78,382,34.72834,
356,720,1452,15928,-367,152,-3,275,69,393,34.53665,
357,692,1772,15812,-725,964,612,269,68,387,34.68042,
358,788,964,16012,-253,341,-305,274,76,390,34.58457,
359,680,1320,16208,-59,-66,-300,275,69,401,34.24911,
360,644,1672,16128,-247,166,-12,268,74,383,34.58457,
361,540,1412,16372,-2,-271,-316,269,78,385,34.68042,
362,716,1084,16652,439,-933,-1056,271,83,397,34.48872,
363,740,2104,15732,-347,557,210,277,83,395,34.72834,
364,804,1352,16124,-443,152,-161,269,68,390,34.53665,
365,600,1860,16368,-119,-100,90,265,79,386,34.58457,
366,772,1748,16124,-380,-9,-29,274,78,385,34.77626,
367,844,1224,16104,-375,81,-136,273,69,391,34.68042,
368,776,1412,16200,-264,29,-39,269,76,395,34.72834,
369,644,1784,16052,-7,80,102,271,73,387,34.48872,
370,628,1676,15976,-114,86,-8,269,73,382,34.68042,
371,696,1776,16148,75,66,-58,273,65,393,34.53665,
372,820,1700,16128,-81,-95,50,268,77,393,34.77626,
373,744,1256,16256,147,-66,-271,268,74,383,34.68042,
374,680,1540,16288,-241,-98,75,273,74,386,34.39288,
375,856,1480,16008,-404,13,34,274,73,399,34.8721,
376,720,1656,16044,128,107,-21,266,68,395,34.68042,
377,840,1304,16156,-308,-251,-221,268,72,386,34.48872,
378,744,1452,16380,-45,-90,-96,271,76,390,34.72834,
379,688,1844,16192,262,0,-79,274,73,397,34.48872,
380,772,1460,16356,-10,-15,-135,252,87,391,34.77626,
381,668,1788,16156,-259,86,128,270,72,388,34.68042,
382,936,1620,16040,-145,56,-103,273,72,391,34.68042,
383,716,1404,16272,-65,-75,-133,270,69,381,34.53665,
384,708,1588,16232,-100,-61,-24,278,77,396,34.53665,
385,696,1540,16308,-166,5,0,261,71,382,34.48872,
386,664,1444,16160,20,-36,-298,270,82,388,34.68042,
387,1040,1380,16248,213,0,-329,265,87,391,34.58457,
388,676,1752,16240,-18,-51,40,271,71,392,34.68042,
389,712,1436,16460,-33,-24,81,253,73,382,34.39288,
390,648,1364,16304,-474,-41,-113,265,72,403,34.68042,
391,776,1360,16296,-27,135,-101,262,77,388,34.53665,
392,744,1688,16076,-193,189,20,269,76,395,34.72834,
393,652,1664,16148,-246,-11,-1,273,77,386,34.72834,
394,716,1620,16340,-195,110,23,271,73,392,34.39288,
395,752,1536,16096,76,57,35,275,79,391,34.72834,
396,732,1704,16328,-323,22,46,270,69,381,34.72834,
397,840,1640,15952,-178,241,-24,268,82,396,34.58457,
398,736,1472,16180,-490,13,81,274,76,385,34.72834,
399,548,1768,16332,-169,-20,98,268,89,386,34.39288,
400,756,1448,16252,270,61,-142,273,77,393,34.68042,
401,740,1504,16100,-33,118,-33,279,73,387,34.48872,
402,592,1716,16060,-74,137,304,271,76,392,34.58457,
403,820,1660,16040,61,64,-90,274,71,387,34.68042,
404,684,1444,16124,-341,166,49,265,77,393,34.48872,
405,660,1512,16372,-19,-21,-239,271,76,387,34.68042,
406,680,1468,16232,-35,-170,-290,274,73,392,34.68042,
407,704,1264,16364,57,-85,-191,274,83,387,34.68042,
408,736,1416,16200,-159,67,-103,269,80,390,34.77626,
409,812,1460,16172,-202,-85,-183,271,78,397,34.48872,
410,716,1388,16436,-160,-233,-91,275,65,393,34.58457,
411,716,1344,16568,-95,-171,-51,261,71,390,34.72834,
412,764,1488,16424,29,-24,-113,264,85,387,34.58457,
413,772,1304,16340,55,60,-193,268,72,391,34.77626,
414,716,1424,16476,11,-64,-92,274,76,385,34.48872,
415,600,1896,16352,-242,-145,-60,268,72,391,34.53665,
416,716,1592,16292,-39,-85,-147,271,73,402,34.68042,
417,844,1340,16208,58,-93,-258,266,80,382,34.68042,
418,764,1428,16324,-102,-95,-142,283,79,386,34.68042,
419,732,1568,16328,-239,7,-47,264,78,390,34.24911,
420,732,1460,16248,-203,123,-104,269,76,397,34.48872,
421,576,1620,16224,55,-24,100,274,71,399,34.72834,
422,716,1944,16152,-428,40,251,266,83,387,34.58457,
423,696,1720,15980,-21,207,92,277,78,382,34.72834,
424,668,1584,16176,77,58,-138,269,83,392,34.39288,
425,776,1384,16336,-150,-82,-247,269,76,390,34.68042,
426,740,1448,16284,-212,-129,-46,278,79,383,35.01587,
427,848,1620,16184,-218,-50,-113,278,79,386,34.48872,
428,868,1320,16468,-232,-215,-209,265,82,386,34.68042,
429,872,1512,16304,-314,49,73,279,68,390,34.58457,
430,732,1640,16164,-74,29,-153,271,78,390,34.72834,
431,872,1448,16204,-101,-138,-349,269,78,397,34.53665,
432,688,1760,16176,-239,-73,123,270,74,386,34.58457,
433,804,1576,16184,-256,2,-68,265,72,396,34.72834,
434,768,1700,16080,-318,-33,-127,282,71,387,34.24911,
435,828,1532,16260,-36,111,-133,270,84,391,34.68042,
436,692,1736,16212,13,-12,-112,262,77,391,34.53665,
437,792,1500,16276,-71,-217,-270,273,67,388,34.68042,
438,928,1240,16316,-183,-76,-152,273,69,386,34.68042,
439,844,1420,16088,-133,68,-265,269,78,392,34.24911,
440,752,1688,16064,-318,97,69,262,74,381,34.72834,
441,744,1736,16080,-34,-27,-24,270,82,386,34.53665,
442,880,1528,16072,38,-10,-94,271,85,387,34.58457,
443,696,1712,16120,-180,-19,-15,264,80,390,34.39288,
444,756,1456,16340,122,23,-9,269,71,395,34.53665,
445,620,1768,16384,-100,23,131,264,83,387,34.48872,
446,736,1804,16040,49,-28,-91,274,73,397,34.58457,
447,680,1572,16136,-72,-85,-43,271,73,382,34.72834,
448,632,1732,16120,-198,-144,-80,270,69,391,34.53665,
449,880,1332,16248,4,-111,-348,266,76,387,34.39288,
450,784,1644,16380,-114,-77,-113,268,67,388,34.72834,
451,728,1444,16504,122,-61,-53,260,77,383,34.68042,
452,808,1612,16176,78,124,-1,279,71,385,34.68042,
453,756,1496,16280,-236,121,-44,270,77,388,34.72834,
454,792,1816,15808,-357,187,73,264,78,387,34.24911,
455,844,1616,15960,-91,70,-105,264,83,387,34.68042,
456,828,1880,15944,-242,-13,7,264,78,385,34.77626,
457,816,1656,16108,-105,68,-34,275,77,386,34.68042,
458,828,1552,16172,-147,-17,-82,271,78,397,34.53665,
459,696,1388,16480,-192,-123,-87,273,74,388,34.39288,
460,768,1560,16540,-78,-179,-17,261,73,395,34.68042,
461,812,1476,16488,71,-142,-228,269,76,402,34.68042,
462,836,1412,16364,-101,-98,-172,270,82,391,34.53665,
463,708,1516,16408,-139,-16,-57,269,73,390,34.68042,
464,796,1636,16236,78,-3,-75,270,72,391,34.48872,
465,844,1504,16472,21,30,-120,268,82,396,34.72834,
466,784,1668,16228,-106,200,57,273,77,386,34.68042,
467,884,1644,15976,-338,252,123,262,79,391,34.72834,
468,756,1664,15796,-302,287,73,274,76,387,34.68042,
469,852,1452,16052,-115,72,-175,279,85,395,34.20119,
470,896,1712,16232,-38,-144,-167,266,76,387,34.68042,
471,880,1676,16136,-280,-141,-102,270,82,393,34.72834,
472,812,1476,16196,-226,-56,-22,261,83,390,34.72834,
473,732,1464,16436,-235,111,100,266,80,395,34.72834,
474,688,1496,16252,-114,-58,-15,277,76,399,34.53665,
475,976,1608,16060,-272,143,0,268,72,386,34.68042,
476,848,1648,16228,-148,125,-19,265,77,398,34.58457,
477,824,1572,16300,126,130,-122,274,66,382,34.68042,
478,820,1668,16344,-43,4,-55,268,79,393,34.72834,
479,844,1764,16092,-120,43,105,268,72,396,34.48872,
480,864,1532,16140,-139,-101,-19,271,80,397,34.72834,
481,876,1624,16284,-30,-42,8,279,73,402,34.34496,
482,888,1552,16528,-152,-166,48,261,76,385,34.72834,
483,884,1388,16384,109,-107,-107,268,77,401,34.72834,
484,860,1452,16340,-122,8,-13,266,71,395,34.48872,
485,1004,1684,16056,-170,140,108,268,77,393,34.68042,
486,904,1768,16092,46,19,-87,273,74,391,34.72834,
487,816,1704,16264,-85,-148,-156,273,74,391,34.53665,
488,952,1412,16380,-216,-14,-123,281,72,388,34.53665,
489,892,1512,16212,-96,115,-40,266,73,385,34.58457,
490,856,1620,16128,-73,-49,-24,264,73,387,34.68042,
491,884,1640,16212,-18,-150,-153,266,76,392,34.77626,
492,848,1576,16260,-82,-228,-72,270,77,393,34.58457,
493,1056,1840,16388,-129,-88,-187,270,77,393,34.24911,
494,864,1612,16328,-13,76,-11,268,74,386,34.39288,
495,928,1400,16080,-100,51,-240,265,65,396,34.68042,
496,976,1412,16404,-207,-100,-166,269,78,392,34.72834,
497,904,1296,16700,-200,-116,4,274,68,387,34.72834,
498,880,1468,16424,-99,8,17,266,73,387,34.39288,
499,976,1600,16176,-129,185,154,262,69,386,34.39288,
500,928,1520,16160,-186,-44,-240,268,74,386,34.68042,
501,928,1492,16324,33,-126,-35,268,79,383,34.48872,
502,868,1528,16412,-81,-53,51,256,73,397,34.39288,
503,880,1644,16112,-284,200,100,270,77,388,34.72834,
504,1060,1604,15892,-250,112,-92,273,72,388,34.68042,
505,956,1528,16024,-211,-69,-120,260,82,381,34.58457,
506,912,1376,16236,-35,44,-54,261,66,392,34.58457,
507,1060,1320,16200,-399,13,-92,262,79,391,34.92003,
508,860,1232,16380,-161,-117,-165,264,76,385,34.72834,
509,848,1288,16528,172,-89,-95,265,74,401,34.53665,
510,956,1504,16432,86,60,-24,265,74,401,34.58457,
511,932,1300,16316,-261,-140,-286,258,85,395,34.77626,
512,912,1400,16476,74,0,62,266,71,387,34.72834,
513,1032,1360,16344,-88,-7,-243,271,68,385,34.24911,
514,904,1548,16052,-147,146,151,278,72,386,34.39288,
515,732,1776,16052,-438,116,230,273,74,391,34.39288,
516,848,1532,16112,-228,35,4,270,69,393,34.68042,
517,936,1400,16136,-201,138,-133,271,78,387,34.68042,
518,964,1404,16072,-24,-46,-397,277,76,390,34.58457,
519,924,1432,16232,1,-189,-250,262,79,391,34.68042,
520,856,1340,16376,-15,-123,52,266,76,387,34.92003,
521,916,1508,16548,65,20,-69,275,67,391,34.68042,
522,912,1512,16240,-205,-54,-150,269,73,387,34.72834,
523,916,1420,16252,-50,90,112,268,72,396,34.39288,
524,900,1516,16020,-327,322,115,268,69,391,34.58457,
525,828,1776,15748,-295,352,86,273,72,393,34.48872,
526,848,1804,15900,245,122,51,266,73,395,34.58457,
527,956,1492,16208,-32,7,-104,266,73,395,34.58457,
528,944,1444,16128,-49,39,-199,268,82,388,34.72834,
529,964,1644,15952,-212,61,34,266,73,392,34.68042,
530,784,1676,16276,-36,-261,-71,274,88,395,34.68042,
531,868,1396,16176,-25,153,52,271,73,392,34.77626,
532,1012,1604,15956,-122,143,-247,266,78,402,34.68042,
533,912,1556,16200,45,-131,-300,262,74,391,34.72834,
534,840,1728,16348,24,-97,52,266,73,387,34.58457,
535,844,1492,16056,-459,120,46,277,83,395,34.68042,
536,944,1492,15948,-245,-16,-113,270,69,396,34.58457,
537,932,1556,16256,-30,30,-74,270,74,393,34.8721,
538,832,1656,16108,-354,109,188,270,65,396,34.68042,
539,796,1424,16060,-12,86,-227,261,66,392,34.39288,
540,880,1300,16260,-250,27,-126,264,80,385,34.72834,
541,928,1272,16400,-72,-155,-333,277,71,395,34.39288,
542,832,1416,16244,-7,-84,-181,279,68,387,34.58457,
543,760,1928,16456,-122,-111,122,273,77,391,34.72834,
544,848,1428,16176,-185,-73,227,264,76,395,34.20119,
545,968,1232,16256,173,587,-252,266,83,390,34.92003,
546,656,1408,16140,-331,483,89,268,74,378,34.48872,
547,608,1836,16032,-14,598,460,274,76,390,34.77626,
548,496,1972,15796,222,302,-34,266,78,390,34.68042,
549,516,1904,15936,495,400,91,271,71,390,34.48872,
550,528,1944,16664,447,376,356,268,72,388,34.53665,
551,240,1932,16400,-49,156,214,269,83,387,34.68042,
552,420,1412,16272,242,980,-502,279,78,382,34.68042,
553,400,1300,19388,13461,-1496,-1811,275,84,393,34.68042,
554,648,4872,15236,19858,1304,1258,270,145,363,34.39288,
555,652,10544,15624,29298,-829,-128,271,213,318,34.8721,
556,280,12540,9960,32767,-560,758,271,267,240,34.53665,
557,24,17236,-1748,20056,-1627,2413,269,291,154,34.68042,
558,320,10748,-2624,15877,-1775,-664,281,275,26,34.72834,
559,1112,15748,-5464,32767,2982,-1358,277,262,-2,34.24911,
560,88,10404,-10624,25045,993,190,270,190,-103,34.53665,
561,4404,16604,-3808,24844,1321,1338,268,121,-147,34.72834,
562,-172,1964,-15500,10246,620,-608,252,50,-172,34.68042,
563,296,1920,-16072,4773,-1521,-163,269,17,-176,34.53665,
564,-328,1228,-15720,3227,-4680,2008,261,-14,-173,34.53665,
565,-324,-464,-18036,4220,2984,934,274,-26,-173,34.72834,
566,412,-1196,-15776,-1175,-90,-1067,271,-44,-171,34.72834,
567,556,-1036,-17416,1541,-2438,-1317,271,-44,-171,34.58457,
568,-140,-620,-15288,-1013,109,1834,262,-47,-172,34.72834,
569,720,100,-16296,1137,-578,-271,260,-42,-177,34.34496,
570,868,-1940,-16476,-595,-1142,-467,269,-34,-171,34.68042,
571,24,-128,-16952,-500,-220,759,266,-39,-171,34.72834,
572,232,-656,-16416,401,248,-344,262,-40,-167,34.72834,
573,432,-436,-16436,277,-147,249,265,-42,-177,34.77626,
574,408,-268,-16640,1068,-766,860,261,-51,-161,34.39288,
575,-92,-1348,-16544,296,-12,-120,277,-41,-161,34.72834,
576,436,-852,-15928,-666,159,185,277,-39,-168,34.72834,
577,156,-768,-16712,-521,-737,13,270,-42,-167,34.53665,
578,400,-1104,-16300,-706,-338,-378,270,-40,-172,34.72834,
579,120,-336,-17172,-147,373,389,281,-38,-165,34.39288,
580,68,-884,-16832,315,491,-275,283,-35,-170,34.68042,
581,280,-1356,-16172,742,378,-424,268,-42,-172,34.68042,
582,328,-1008,-16524,839,456,-504,278,-38,-175,34.77626,
583,360,-1208,-16332,491,61,-159,274,-49,-163,34.72834,
584,340,-744,-16432,14,-285,181,277,-36,-186,34.34496,
585,104,-1024,-16988,-207,-59,73,271,-49,-161,34.53665,
586,96,-1148,-16168,-46,-435,477,291,-47,-162,34.53665,
587,108,-1952,-17076,-462,398,-232,270,-50,-170,34.72834,
588,-88,-932,-16588,58,-25,197,283,-47,-162,34.58457,
589,184,-1996,-16388,-148,439,-28,278,-50,-162,34.39288,
590,500,-1344,-15376,-43,-781,578,282,-46,-176,34.68042,
591,8,-1300,-16756,-213,693,415,266,-41,-166,34.72834,
592,-76,-1400,-16780,-211,683,-69,275,-47,-165,34.72834,
593,392,-1492,-16160,495,-300,-80,275,-42,-175,34.58457,
594,288,-1620,-16344,114,-32,-272,268,-45,-170,34.15326,
595,464,-1920,-16740,1021,1461,-727,274,-53,-163,34.68042,
596,160,-1312,-15564,691,-610,302,266,-58,-178,34.58457,
597,604,-1772,-16316,-191,220,-364,266,-53,-168,34.72834,
598,564,-2056,-16236,-275,-131,-430,270,-67,-170,34.53665,
599,480,-1672,-16920,-427,768,-576,262,-57,-165,34.39288,
600,868,-1220,-16160,-147,-207,46,257,-50,-167,34.68042,
601,536,-1716,-16740,-287,703,-491,270,-60,-160,34.53665,
602,1076,-1224,-16748,-287,755,-246,266,-41,-171,34.53665,
603,548,-1344,-16496,191,2,170,265,-55,-180,34.68042,
604,816,-1516,-15752,-263,-674,-198,260,-52,-172,34.53665,
605,888,-2260,-16744,-80,50,-631,265,-55,-175,34.72834,
606,808,-1288,-16368,502,-405,348,271,-56,-178,34.77626,
607,712,-1120,-16460,-796,-413,407,254,-52,-162,34.72834,
608,560,-1680,-16204,707,-769,166,273,-52,-165,34.72834,
609,328,-2884,-16972,-753,731,-1466,270,-52,-162,34.53665,
610,596,-1136,-15148,-465,-1547,539,266,-56,-163,34.68042,
611,584,-660,-16368,167,-49,29,266,-53,-171,34.72834,
612,580,-1772,-17596,-684,833,-16,264,-49,-176,34.72834,
613,336,-1960,-16924,-166,490,-153,265,-55,-175,34.68042,
614,1008,-1672,-16152,562,-195,-34,271,-46,-168,34.34496,
615,756,-2192,-16296,201,-351,46,269,-53,-166,34.8721,
616,312,-1432,-16624,154,136,213,270,-52,-170,34.72834,
617,520,-1792,-16864,-147,457,-170,271,-61,-166,34.72834,
618,412,-1876,-16688,-99,320,-474,268,-50,-177,34.72834,
619,616,-1672,-16604,-356,74,-11,258,-58,-171,34.48872,
620,584,-1408,-16348,-445,-110,-9,270,-57,-175,34.53665,
621,516,-1472,-16548,-321,16,229,264,-58,-168,34.8721,
622,328,-1728,-16724,-157,88,-237,273,-65,-167,34.58457,
623,740,-1576,-16536,431,61,61,268,-52,-180,34.72834,
624,384,-1804,-16528,156,-171,-258,268,-62,-162,34.20119,
625,568,-1764,-16236,336,-134,-110,262,-57,-170,34.48872,
626,532,-1868,-16884,-22,266,-95,262,-57,-167,34.77626,
627,356,-1744,-16532,-208,119,-36,262,-55,-170,34.53665,
628,496,-1560,-16024,-404,-378,68,275,-57,-167,34.72834,
629,504,-1568,-16416,73,-464,-133,265,-52,-167,34.39288,
630,580,-1780,-16324,-142,-133,84,268,-55,-165,34.72834,
631,424,-1908,-16492,-218,42,-104,270,-65,-160,34.48872,
632,524,-1684,-16544,-522,-174,-147,269,-56,-176,34.72834,
633,524,-1720,-16344,-50,-160,-27,266,-61,-178,34.92003,
634,364,-1824,-16792,-201,124,-139,273,-55,-167,34.24911,
635,364,-1656,-16728,-139,83,-11,271,-53,-173,34.58457,
636,572,-1676,-16452,-65,24,-53,279,-49,-171,34.68042,
637,356,-1536,-16452,96,164,11,270,-50,-165,34.72834,
638,256,-1640,-16688,-142,195,-25,279,-53,-163,34.58457,
639,380,-1636,-16460,-34,-45,85,260,-65,-172,34.58457,
640,456,-1680,-16344,-67,12,-45,270,-60,-162,34.72834,
641,460,-1884,-16352,-322,-181,-51,269,-61,-168,34.58457,
642,428,-1788,-16584,138,47,-131,270,-47,-167,34.68042,
643,392,-1948,-16296,51,-94,-55,274,-56,-171,34.72834,
644,240,-1808,-16364,235,57,-131,271,-63,-173,34.53665,
645,364,-1964,-16796,-204,153,-270,270,-55,-177,34.8721,
646,368,-1800,-16536,134,18,-137,273,-52,-167,34.68042,
647,432,-1740,-16420,-72,-130,-17,266,-49,-161,34.68042,
648,384,-1676,-16268,-151,-222,42,270,-50,-167,34.72834,
649,220,-1688,-16420,93,-26,-101,278,-55,-175,34.58457,
650,328,-1792,-16696,116,282,-113,271,-46,-161,34.68042,
651,436,-1752,-16684,-78,77,-14,275,-55,-160,34.92003,
652,204,-1608,-16632,-343,-74,160,275,-57,-160,34.68042,
653,368,-1580,-16520,-207,19,90,269,-58,-156,34.72834,
654,220,-1800,-16672,-151,198,-91,274,-53,-163,34.48872,
655,316,-1836,-16660,437,283,-51,261,-61,-163,34.58457,
656,340,-1720,-16544,-110,35,80,270,-52,-165,34.72834,
657,408,-1856,-16436,-18,54,-18,268,-60,-167,34.8721,
658,300,-1808,-16536,-443,-78,33,268,-65,-172,34.72834,
659,324,-1736,-16468,10,2,-74,271,-61,-168,34.48872,
660,288,-1692,-16420,-422,-129,-20,271,-61,-168,34.48872,
661,352,-1992,-16552,-511,-46,-69,265,-52,-167,34.72834,
662,356,-1816,-16696,439,338,45,262,-52,-162,34.92003,
663,464,-1804,-16700,-10,156,-136,264,-56,-166,34.92003,
664,388,-2024,-16508,-357,114,53,265,-52,-165,34.39288,
665,308,-1716,-16296,10,-132,-59,268,-55,-177,34.68042,
666,388,-2136,-16652,-416,68,-263,268,-55,-162,34.8721,
667,320,-1912,-16628,-385,42,-123,266,-58,-163,34.72834,
668,396,-1908,-16336,283,164,-54,278,-57,-165,34.72834,
669,416,-1760,-16548,-119,-22,-91,257,-60,-172,34.48872,
670,480,-1984,-16448,1,-32,-79,265,-57,-170,34.68042,
671,312,-1952,-16496,-290,-40,-2,270,-60,-160,34.68042,
672,420,-1804,-16440,65,-22,-49,273,-57,-167,34.72834,
673,440,-2080,-16508,-268,-21,-91,270,-50,-170,34.48872,
674,288,-1712,-16528,59,56,-14,268,-62,-165,34.48872,
675,304,-1756,-16640,-245,1,-97,264,-63,-163,34.72834,
676,356,-1916,-16472,86,58,-74,266,-63,-166,34.72834,
677,200,-1804,-16560,-369,-37,-6,274,-68,-168,34.68042,
678,460,-1700,-16188,216,-85,20,275,-55,-162,34.77626,
679,380,-1688,-16512,45,-55,-46,278,-60,-167,34.53665,
680,312,-2104,-16612,190,217,-205,265,-65,-167,34.53665,
681,260,-1924,-16364,-215,9,0,275,-60,-167,34.68042,
682,396,-1804,-16264,216,-122,29,265,-60,-170,34.72834,
683,384,-1960,-16464,-51,-81,-50,269,-56,-168,34.8721,
684,380,-1952,-16732,22,119,-85,281,-62,-165,34.39288,
685,244,-2036,-16564,128,347,-127,257,-60,-165,34.72834,
686,476,-1852,-16400,-66,-69,-4,271,-58,-161,34.77626,
687,340,-1996,-16436,55,7,-85,264,-61,-159,34.92003,
688,544,-2104,-16408,220,57,-126,273,-65,-160,34.68042,
689,428,-2104,-16452,-231,-47,-116,265,-57,-170,34.58457,
690,472,-1948,-16300,171,135,1,270,-62,-167,34.8721,
691,448,-1908,-16500,-243,-74,-3,271,-61,-171,34.68042,
692,404,-2080,-16536,181,140,-112,271,-56,-168,34.92003,
693,436,-1964,-16308,56,-40,-81,270,-55,-177,34.58457,
694,420,-2176,-16668,-184,176,-154,262,-55,-165,34.24911,
695,380,-2204,-16532,-139,116,-82,264,-58,-163,34.58457,
696,496,-1964,-16516,-28,50,-52,268,-62,-165,34.72834,
697,420,-1972,-16276,-12,-62,33,256,-63,-166,34.39288,
698,348,-2092,-16320,50,-36,-88,268,-60,-175,34.53665,
699,608,-2232,-16444,-156,54,-191,266,-68,-171,34.48872,
700,332,-1876,-16388,-255,-200,38,266,-71,-176,34.68042,
701,420,-2052,-16268,-171,-182,14,260,-57,-165,34.77626,
702,492,-2232,-16384,293,1,-94,260,-60,-165,34.72834,
703,588,-2364,-16432,-204,-38,-199,261,-61,-166,34.58457,
704,364,-2136,-16436,378,157,-90,266,-61,-161,34.39288,
705,464,-2032,-16372,37,117,89,265,-69,-162,34.58457,
706,468,-2012,-16520,-350,-22,24,253,-56,-171,34.72834,
707,588,-2008,-16416,-106,-30,48,271,-66,-166,34.53665,
708,520,-2148,-16504,-79,111,-113,271,-66,-161,34.68042,
709,500,-2216,-16344,86,22,-85,265,-52,-162,34.24911,
710,440,-2160,-16324,-21,-24,-30,278,-65,-167,34.68042,
711,496,-2152,-16332,-113,-112,-65,269,-73,-166,34.72834,
712,464,-2188,-16480,-55,16,-116,268,-69,-170,34.53665,
713,448,-2204,-16440,-148,7,-28,261,-61,-163,34.68042,
714,412,-1956,-16536,-81,109,-7,273,-57,-170,34.20119,
715,468,-2084,-16488,-31,135,-90,277,-71,-166,34.72834,
716,376,-2004,-16460,-249,70,5,265,-65,-177,34.39288,
717,484,-2244,-16416,-150,33,-19,258,-63,-161,34.58457,
718,420,-2160,-16412,131,29,-40,266,-66,-168,34.39288,
719,424,-2160,-16484,-99,39,-65,268,-57,-165,34.39288,
720,528,-2268,-16668,-317,33,-163,262,-62,-157,34.77626,
721,452,-2208,-16408,-85,-59,-74,265,-60,-157,34.53665,
722,480,-2200,-16364,344,28,-135,278,-62,-172,34.68042,
723,336,-2288,-16324,-464,-7,-35,264,-63,-171,34.77626,
724,500,-2408,-16432,109,131,-60,261,-66,-166,34.48872,
725,504,-2228,-16388,32,19,-83,268,-60,-165,34.72834,
726,512,-2376,-16380,-214,-81,-141,262,-65,-172,34.8721,
727,456,-2340,-16552,89,144,-52,262,-65,-172,34.48872,
728,476,-2248,-16412,-170,-135,60,262,-67,-165,34.68042,
729,392,-2332,-16304,-153,-7,-83,261,-63,-168,34.48872,
730,560,-2340,-16296,-27,107,-113,266,-63,-171,34.53665,
731,560,-2320,-16272,-198,-189,-188,266,-73,-168,34.58457,
732,524,-2292,-16368,137,45,-20,273,-57,-165,34.72834,
733,516,-2412,-16604,149,42,-240,274,-66,-159,34.68042,
734,440,-2360,-16504,-477,-107,-68,268,-62,-162,34.39288,
735,392,-2216,-16444,7,97,-118,275,-72,-170,34.58457,
736,520,-2436,-16564,-163,-25,-115,264,-76,-159,34.72834,
737,584,-2236,-16304,-64,0,38,271,-76,-163,34.48872,
738,616,-2240,-16404,-125,-44,-26,270,-65,-165,34.53665,
739,596,-2356,-16344,-274,-69,-31,270,-72,-165,34.39288,
740,572,-2232,-16500,-99,35,-57,261,-58,-166,34.68042,
741,528,-2412,-16480,74,77,-84,266,-76,-171,34.53665,
742,584,-2456,-16552,-173,217,-94,269,-71,-171,34.77626,
743,412,-2156,-16376,-192,-82,73,269,-63,-178,34.53665,
744,404,-2316,-16220,-97,36,-61,273,-57,-162,34.20119,
745,616,-2480,-16448,42,122,-147,270,-69,-167,34.72834,
746,640,-2400,-16332,-231,-72,-13,268,-72,-165,34.58457,
747,476,-2320,-16208,93,-6,-52,266,-66,-168,34.72834,
748,476,-2268,-16324,-143,-42,11,261,-56,-166,34.68042,
749,352,-2364,-16400,-71,110,32,261,-68,-173,34.39288,
750,548,-2420,-16516,-383,-15,-209,269,-63,-178,34.53665,
751,432,-2352,-16244,-281,-162,20,256,-71,-171,34.68042,
752,452,-2204,-16352,-272,-129,40,275,-69,-162,34.48872,
753,604,-2368,-16172,-340,-220,342,271,-66,-163,34.72834,
754,540,-2644,-16328,-8,-66,-79,265,-67,-170,34.39288,
755,456,-2668,-16428,235,176,-318,274,-66,-171,34.53665,
756,496,-2520,-16336,-124,-12,-97,274,-61,-166,34.68042,
757,508,-2460,-16196,-104,-237,-15,264,-63,-159,34.53665,
758,480,-2484,-16136,126,-60,142,274,-71,-161,34.72834,
759,416,-2484,-16224,-235,-3,-4,271,-63,-168,34.39288,
760,584,-2548,-16364,298,144,-144,260,-69,-155,34.72834,
761,544,-2480,-16620,-529,-78,-15,265,-67,-167,34.53665,
762,400,-2464,-16336,246,201,-4,264,-73,-163,34.39288,
763,512,-2428,-16132,-192,-56,29,273,-65,-167,34.39288,
764,424,-2464,-16228,-166,-110,-59,273,-77,-170,34.39288,
765,480,-2620,-16396,-383,-117,-53,274,-66,-159,34.72834,
766,408,-2572,-16504,-242,38,-42,266,-66,-166,34.58457,
767,548,-2440,-16472,133,58,65,264,-66,-161,34.72834,
768,496,-2404,-16508,-280,-13,14,264,-68,-166,34.72834,
769,436,-2480,-16404,-172,12,-111,266,-83,-173,34.39288,
770,612,-2564,-16300,-347,41,-8,269,-63,-166,34.48872,
771,416,-2336,-16476,-23,216,108,268,-67,-165,34.77626,
772,460,-2356,-16644,148,264,-179,270,-65,-170,34.48872,
773,536,-2556,-16496,-389,40,-160,262,-72,-167,34.39288,
774,476,-2428,-16340,-298,-11,42,262,-72,-167,34.39288,
775,500,-2464,-16424,-207,-65,-4,269,-71,-163,34.72834,
776,480,-2552,-16492,60,70,-126,262,-65,-165,34.72834,
777,632,-2668,-16548,184,236,-105,260,-69,-157,34.92003,
778,448,-2456,-16296,-115,-71,-111,277,-76,-176,34.39288,
779,380,-2400,-16276,-663,-46,-14,265,-67,-170,34.39288,
780,496,-2344,-16360,97,25,34,264,-73,-168,34.48872,
781,596,-2536,-16332,53,-31,-68,265,-72,-167,34.77626,
782,548,-2520,-16344,-313,-145,-157,269,-68,-171,34.68042,
783,576,-2724,-16344,-84,109,-246,271,-63,-176,34.72834,
784,676,-2516,-16396,-41,11,-61,271,-68,-173,34.39288,
785,492,-2664,-16256,33,38,-47,264,-61,-173,34.58457,
786,508,-2488,-16340,-131,-110,-69,264,-63,-161,34.58457,
787,588,-2568,-16328,-252,-36,-116,269,-68,-171,34.48872,
788,564,-2508,-16404,19,-69,-9,275,-69,-177,34.68042,
789,580,-2608,-16540,-353,-155,-94,265,-72,-162,34.39288,
790,508,-2536,-16508,-31,124,-69,257,-74,-165,34.58457,
791,544,-2568,-16316,-252,70,42,268,-67,-157,34.58457,
792,532,-2524,-16412,83,97,-69,261,-71,-173,34.77626,
793,420,-2604,-16428,43,21,-71,273,-77,-172,34.68042,
794,480,-2596,-16252,-230,-75,59,274,-63,-166,34.39288,
795,508,-2648,-16420,-37,152,-142,260,-69,-167,34.58457,
796,600,-2568,-16400,-166,80,-132,268,-72,-182,34.68042,
797,568,-2612,-16420,32,123,-65,269,-68,-156,34.68042,
798,580,-2424,-16408,-244,65,-91,265,-74,-167,34.58457,
799,596,-2488,-16348,-18,49,-66,269,-68,-171,34.39288,
800,612,-2424,-16436,-112,-98,40,266,-66,-166,34.68042,
801,576,-2484,-16388,86,8,-36,258,-71,-171,34.48872,
802,468,-2648,-16336,219,115,-57,274,-66,-168,34.48872,
803,684,-2516,-16584,-269,-96,-21,264,-71,-168,34.53665,
804,436,-2544,-16500,-345,-41,-120,273,-72,-160,34.53665,
805,468,-2572,-16472,-133,175,-7,275,-62,-150,34.68042,
806,544,-2376,-16520,-143,48,58,265,-67,-167,34.68042,
807,504,-2584,-16256,102,-55,-2,265,-69,-167,34.53665,
808,540,-2556,-16232,-287,-175,77,261,-56,-161,34.58457,
809,448,-2468,-16348,-152,-9,-11,260,-57,-160,34.53665,
810,496,-2664,-16488,80,165,-158,271,-73,-166,34.72834,
811,520,-2612,-16544,-263,21,-98,268,-69,-167,34.48872,
812,468,-2616,-16468,-93,63,-57,266,-76,-173,34.72834,
813,584,-2620,-16584,-202,150,-36,268,-69,-157,34.53665,
814,576,-2524,-16468,-229,61,-19,261,-71,-163,34.15326,
815,588,-2640,-16236,137,3,-53,271,-73,-163,34.48872,
816,624,-2756,-16412,-155,-65,-101,271,-73,-159,34.58457,
817,488,-2716,-16432,-144,112,-150,269,-71,-173,34.72834,
818,408,-2484,-16492,-189,-81,-60,265,-72,-170,34.48872,
819,520,-2588,-16320,-211,-33,-136,270,-69,-165,34.48872,
820,428,-2744,-16528,127,254,-112,264,-66,-159,34.72834,
821,532,-2580,-16608,-223,27,-93,271,-61,-163,34.39288,
822,464,-2532,-16288,-169,-68,-76,264,-73,-176,34.48872,
823,540,-2664,-16128,-83,-62,-36,274,-76,-161,34.58457,
824,460,-2524,-16484,-221,26,-42,268,-74,-167,34.53665,
825,492,-2688,-16440,102,156,-243,264,-68,-156,34.58457,
826,508,-2876,-16476,59,139,-115,268,-67,-165,34.39288,
827,524,-2704,-16432,125,166,-156,275,-65,-170,34.48872,
828,320,-2776,-16412,-256,152,76,265,-67,-165,34.72834,
829,520,-2576,-16380,-8,151,-186,264,-71,-168,34.20119,
830,456,-2824,-16280,-31,29,-8,274,-76,-163,34.39288,
831,444,-2740,-16456,-3,222,-104,266,-73,-171,34.48872,
832,444,-2556,-16184,-291,-47,30,265,-77,-157,34.72834,
833,440,-2556,-16244,65,-41,-74,273,-69,-170,34.48872,
834,600,-2652,-16192,-47,-191,-36,277,-68,-168,34.24911,
835,336,-2688,-16492,-48,93,-94,270,-77,-170,34.68042,
836,472,-2676,-16588,-163,11,-73,266,-68,-161,34.39288,
837,436,-2744,-16504,-299,150,-119,281,-72,-155,34.72834,
838,496,-2440,-16172,86,-219,96,264,-73,-171,34.72834,
839,420,-2792,-16244,-4,13,-91,269,-68,-168,34.39288,
840,464,-2512,-16252,-132,-157,39,266,-68,-166,34.8721,
841,440,-2724,-16228,-83,-57,-158,268,-69,-150,34.39288,
842,492,-2720,-16276,-81,-116,-136,271,-61,-156,34.72834,
843,420,-2704,-16380,-21,-49,-143,262,-72,-170,34.39288,
844,388,-2584,-16264,-132,-6,26,271,-73,-161,34.48872,
845,516,-2664,-16444,-158,133,-72,262,-74,-167,34.58457,
846,368,-2732,-16348,70,124,-34,274,-66,-161,34.58457,
847,488,-2644,-16336,204,-43,-88,269,-66,-171,34.53665,
848,512,-2920,-16432,-463,16,-120,269,-76,-161,34.53665,
849,392,-2504,-16356,-183,-27,-51,271,-71,-163,34.39288,
850,532,-2696,-16340,-252,102,-135,261,-76,-156,34.58457,
851,588,-2612,-16232,-128,-150,76,268,-72,-165,34.68042,
852,488,-2732,-16200,-53,-57,-88,268,-67,-162,34.58457,
853,692,-2772,-16036,195,-203,-62,270,-84,-162,34.72834,
854,428,-2884,-16420,-144,179,-317,274,-66,-163,34.39288,
855,388,-2748,-16264,166,164,-104,262,-79,-160,34.39288,
856,428,-2704,-16400,-133,97,-63,269,-68,-159,34.48872,
857,404,-2720,-16284,-223,-129,-37,277,-68,-159,34.58457,
858,436,-2848,-16168,130,-40,-82,265,-67,-167,34.68042,
859,420,-2704,-16300,-72,-19,-91,262,-74,-167,34.48872,
860,480,-2840,-16400,16,147,-154,279,-71,-163,34.58457,
861,488,-2852,-16364,-22,42,13,277,-71,-159,34.77626,
862,544,-2720,-16284,-94,42,-76,260,-79,-162,34.72834,
863,440,-2816,-16260,-23,4,-56,266,-71,-161,34.68042,
864,536,-2916,-16152,-40,-182,-179,266,-85,-166,34.58457,
865,468,-2904,-16060,-161,-19,-148,279,-73,-159,34.53665,
866,336,-3056,-16568,-234,84,-151,264,-85,-161,34.58457,
867,560,-2812,-16352,-90,-46,-23,254,-82,-160,34.48872,
868,544,-2896,-16248,52,-19,-8,258,-78,-168,34.72834,
869,564,-2864,-16216,-19,-97,-83,273,-72,-160,34.58457,
870,508,-2936,-16192,-321,-40,-107,274,-73,-163,34.68042,
871,464,-2620,-16256,-209,-50,51,266,-83,-168,34.72834,
872,424,-2772,-16316,220,94,-59,269,-71,-163,34.53665,
873,536,-2944,-16228,16,-29,-133,274,-83,-173,34.68042,
874,504,-2948,-16340,17,78,-65,266,-78,-156,34.20119,
875,424,-2692,-16392,-458,-120,-55,266,-78,-161,34.68042,
876,528,-2984,-16372,322,204,-34,279,-66,-166,34.58457,
877,556,-2852,-16328,-285,-21,-96,270,-84,-170,34.68042,
878,460,-2908,-16420,-443,112,-79,271,-78,-176,34.58457,
879,516,-2788,-16136,158,11,21,268,-82,-162,34.39288,
880,576,-3000,-15976,-14,-207,-71,269,-76,-168,34.48872,
881,544,-2892,-16096,26,-100,40,257,-74,-162,34.68042,
